emi_SO2;emi_CO2
0.49998665;0.50002456
0.49998665;0.50002456
