welchs_TSURF;welchs_T2M
0.5000903;0.50025713
0.49991012;0.49997944
0.5000974;0.49992502
0.50010246;0.5001594
0.4998616;0.49998376
0.5000711;0.49998713
